/*!40101 SET @OLD_CHARACTER_SET_CLIENT=@@CHARACTER_SET_CLIENT */;
/*!40101 SET NAMES utf8 */;
/*!50503 SET NAMES utf8mb4 */;
/*!40014 SET @OLD_FOREIGN_KEY_CHECKS=@@FOREIGN_KEY_CHECKS, FOREIGN_KEY_CHECKS=0 */;
/*!40101 SET @OLD_SQL_MODE=@@SQL_MODE, SQL_MODE='NO_AUTO_VALUE_ON_ZERO' */;

-- Copiando estrutura para tabela filmes.atores
use filmes;

CREATE TABLE IF NOT EXISTS `atores` (
  `cod_ator` int(10) unsigned NOT NULL AUTO_INCREMENT,
  `nome_ator` varchar(45) NOT NULL,
  PRIMARY KEY (`cod_ator`)
) ENGINE=InnoDB AUTO_INCREMENT=199 DEFAULT CHARSET=latin1;

-- Copiando dados para a tabela filmes.atores: ~184 rows (aproximadamente)
/*!40000 ALTER TABLE `atores` DISABLE KEYS */;
INSERT INTO `atores` (`cod_ator`, `nome_ator`) VALUES
	(1, 'Daniel Racliffe'),
	(2, 'Emma Watson'),
	(3, 'Rupert Grint'),
	(4, 'Edward S. Feldman'),
	(5, 'Glenn Close'),
	(6, 'Gérard Depardieu'),
	(8, 'Marieta Severo'),
	(9, 'Selton Mello'),
	(10, 'Humberto Martins'),
	(11, 'Bill Murray'),
	(12, 'Breckin Meyer'),
	(13, 'Jennifer Love Hewitt'),
	(14, 'Ben Affleck'),
	(15, 'Aaron Eckhart'),
	(16, 'Uma Thurman'),
	(17, 'Paul Walker'),
	(18, 'Bruce Greenwood'),
	(19, 'Jason Biggs'),
	(20, 'Johnny Depp'),
	(21, 'Orlando Bloom'),
	(22, 'Keira Knightley'),
	(23, 'Kim Basinger'),
	(24, 'Chris Evans'),
	(25, 'Jason Statham'),
	(26, 'Adam Sandler'),
	(27, 'Kate Beckinsale'),
	(28, 'Christopher Walken'),
	(29, 'Shawn Wayans'),
	(30, 'Marlon Wayans'),
	(31, 'Reese Witherspoon'),
	(32, 'Selma Blair'),
	(33, 'Ali Larter'),
	(34, 'Cuba Gooding Jr'),
	(35, 'Ed Harris'),
	(36, 'Brent Sexton'),
	(37, 'Owen Wilson'),
	(38, 'Ben Stiller'),
	(39, 'Robin Williams'),
	(40, 'Tommy Lee Jones'),
	(41, 'Will Smith'),
	(42, 'Linda Fiorentino'),
	(43, 'Bruce Willis'),
	(44, 'Bonnie Bedelia'),
	(45, 'Reginald VelJohnson'),
	(46, 'Alan Rickman'),
	(47, 'Geroge Clooney'),
	(48, 'Brad Pitt'),
	(49, 'Julia Roberts'),
	(50, 'Catherine Zeta-Jones'),
	(51, 'Viggo Mortensen'),
	(52, 'Elijah Wood'),
	(53, 'Jessica Alba'),
	(54, 'Ioan Gruffudd'),
	(55, 'Hugh Jackman'),
	(56, 'Halle Berry'),
	(57, 'Ian McKellen'),
	(58, 'Jackie Chan'),
	(59, 'Chris Tucker'),
	(60, 'Brendan Fraser'),
	(61, 'Rachel Weisz'),
	(62, 'John Hannah'),
	(63, 'Nicolas Cage'),
	(64, 'Sean Connery'),
	(69, 'Angelina Jolie'),
	(70, 'Amy Smart'),
	(71, 'François Berleand'),
	(72, 'Shu Qi'),
	(73, 'Wesley Snipes'),
	(74, 'Ryan Phillippe'),
	(75, 'Amber Valletta'),
	(76, 'Nicole Kidman'),
	(77, 'Daniel Craig'),
	(78, 'Judi Dench'),
	(79, 'Eva Green'),
	(80, 'Tom Cruise'),
	(81, 'Ving Rhames'),
	(82, 'Jon Voight'),
	(83, 'Michelle Monaghan'),
	(84, 'Mark Wahlberg'),
	(85, 'Charlize Theron'),
	(86, 'Samuel L. Jackson'),
	(87, 'Emilio Estevez'),
	(89, 'Jennifer Aniston'),
	(90, 'Courteney Cox Arquette'),
	(91, 'Lisa Kudrow'),
	(92, 'Matt LeBlank'),
	(93, 'Matthew Perry'),
	(94, 'David Schwimmer'),
	(95, 'Mel Gibson'),
	(96, 'Danny Glover'),
	(97, 'Debra Messing'),
	(98, 'Dermont Mulroney'),
	(99, 'Sandra Bullock'),
	(100, 'Keanu Reeves'),
	(101, 'Matthew McConaughey'),
	(102, 'Kate Hudson'),
	(103, 'Scorpions'),
	(104, 'Biquini Cavadão'),
	(105, 'Jota Quest'),
	(106, 'Pato Fu'),
	(107, 'The Corrs'),
	(108, 'Ana Carolina'),
	(109, 'Seu Jorge'),
	(110, 'Titãs'),
	(111, 'Tom Hanks'),
	(112, 'Shelley Long'),
	(113, 'Hugh Grant'),
	(114, 'Drew Barrymore'),
	(115, 'Rowan Atkinson'),
	(116, 'Shia LaBeouf'),
	(117, 'Megan Fox'),
	(118, 'Josh Duhamel'),
	(119, 'Leonardo DiCaprio'),
	(120, 'Kate Winslet'),
	(121, 'Audrey Tautou'),
	(123, 'Jodie Foster'),
	(124, 'Kristen Stewart'),
	(125, 'Forest Whitaker'),
	(126, 'Christian Bale'),
	(127, 'Michael Caine'),
	(128, 'Gary Oldman'),
	(130, 'Scott Caan'),
	(132, 'Antonio Banderas'),
	(133, 'Freddie Highmore'),
	(134, 'David Kelly'),
	(135, 'Sam Neil'),
	(136, 'Laura Dern'),
	(137, 'Jeff Goldblum'),
	(138, 'Al Pacino'),
	(140, 'Justin Chatwin'),
	(141, 'Dakota Fanning'),
	(142, 'Max von Sydow'),
	(143, 'Steve Harris'),
	(144, 'Jean Reno'),
	(145, 'Vincent Cassel'),
	(146, 'Kevin Pollak'),
	(147, 'Jimmy Bennett'),
	(148, 'Daniel Filho'),
	(149, 'Gloria Pires'),
	(150, 'Tony Ramos'),
	(151, 'Robert Hays'),
	(152, 'Julie Hagerty'),
	(153, 'Leslie Nielsen'),
	(154, 'Eva Mendes'),
	(155, 'Kevin James'),
	(156, 'Whoopi Goldberg'),
	(157, 'Maggie Smith'),
	(158, 'Kathy Najimy'),
	(159, 'Jack Nicholson'),
	(160, 'Diane Keaton'),
	(161, 'Christian Clavier'),
	(162, 'Roberto Benigni'),
	(163, 'Monica Bellucci'),
	(164, 'Michelle Tratchtenberg'),
	(165, 'Michael Angarano'),
	(166, 'Leslie Mann'),
	(167, 'Steve Martin'),
	(168, 'Wagner Moura'),
	(169, 'Débora Falabella'),
	(170, 'José Wilker'),
	(171, 'Roupa Nova'),
	(172, 'Nenhum de Nós'),
	(173, 'Shane West'),
	(174, 'Mandy Moore'),
	(175, 'Health Ledger'),
	(176, 'Jake Gyllenhaal'),
	(177, 'Matthew Fox'),
	(178, 'Amy Adams'),
	(179, 'Patrick Dempsey'),
	(180, 'Edward Norton'),
	(181, 'Jessica Biel'),
	(182, 'Diane Kruger'),
	(183, 'Harvey Keitel'),
	(184, 'Julianne Moore'),
	(185, 'Richard Gere'),
	(186, 'Steve Carell'),
	(187, 'Paralamas do Sucesso'),
	(188, 'Jamie Foxx'),
	(189, 'Beyoncé Knowles'),
	(190, 'Eddie Murphy'),
	(191, 'Pierce Brosnan'),
	(192, 'Henry Cavill'),
	(193, 'Rebecca Ferguson'),
	(194, 'Sean Harris'),
	(195, 'Kelly McGillis'),
	(196, 'Tom Skerritt'),
	(197, 'Val Kilmer'),
	(198, 'Meg Ryan');
/*!40000 ALTER TABLE `atores` ENABLE KEYS */;

-- Copiando estrutura para tabela filmes.diretores
CREATE TABLE IF NOT EXISTS `diretores` (
  `cod_diretor` int(10) unsigned NOT NULL AUTO_INCREMENT,
  `nome_diretor` varchar(45) NOT NULL,
  PRIMARY KEY (`cod_diretor`)
) ENGINE=InnoDB AUTO_INCREMENT=121 DEFAULT CHARSET=latin1;

-- Copiando dados para a tabela filmes.diretores: ~111 rows (aproximadamente)
/*!40000 ALTER TABLE `diretores` DISABLE KEYS */;
INSERT INTO `diretores` (`cod_diretor`, `nome_diretor`) VALUES
	(1, 'Christopher McQuarrie'),
	(2, 'Chris Columbus'),
	(3, 'Alfonso Cuarón'),
	(4, 'Mike Newell'),
	(5, 'David Yates'),
	(6, 'Kevin Lima'),
	(7, 'Chris Wedge'),
	(8, 'Lori Forte'),
	(9, 'Mark Dindal'),
	(10, 'Ron Clements'),
	(11, 'Pete Hewitt'),
	(12, 'Tim Hill'),
	(13, 'George Miller'),
	(15, 'Erik Darnell'),
	(16, 'Roger Allers'),
	(17, 'Bradley Raymond'),
	(18, 'Brad Bird'),
	(19, 'Tim Johnson'),
	(21, 'Andrew Stanton'),
	(23, 'Andrew Adamson'),
	(24, 'Chris Miller'),
	(25, 'John Woo'),
	(26, 'Frank Marshall'),
	(27, 'Gore Verbinski'),
	(29, 'David R. Ellis'),
	(30, 'Frank Coraci'),
	(31, 'Keenan Ivory Wayans'),
	(32, 'Robert Luketic'),
	(33, 'Cory Edwards'),
	(34, 'Steve “Spaz” Williams'),
	(35, 'Michael Tollin'),
	(36, 'Shawn Levy'),
	(37, 'Barry Sonnenfeld'),
	(38, 'John McTiernan'),
	(39, 'Renny Harlin'),
	(40, 'Steven Soderbergh'),
	(42, 'Peter Jackson'),
	(43, 'Tim Story'),
	(44, 'Bryan Singer'),
	(45, 'Michael Bay'),
	(46, 'Matthew Vaughn'),
	(47, 'Brett Ratner'),
	(48, 'Stephen Sommers'),
	(49, 'Dominic Sena'),
	(50, 'Mark Neveldine'),
	(51, 'Cory Yuen'),
	(52, 'Tony Giglio'),
	(53, 'Louis Leterrier'),
	(55, 'Michael Schiffer'),
	(56, 'Chris Cornell'),
	(57, 'Brian De Palma'),
	(58, 'J.J Abrams'),
	(59, 'F. Gary Gray'),
	(60, 'Gene Quintano'),
	(61, 'Todd Stevens'),
	(62, 'Richard Donner'),
	(63, 'Clare Kilner'),
	(64, 'Alejandro Agresti'),
	(65, 'Donald Petrie'),
	(66, 'Steven Spielberg'),
	(67, 'Mel Smith'),
	(69, 'Marc Lawrence'),
	(70, 'James Cameron'),
	(71, 'Ron Howard'),
	(72, 'David Fincher'),
	(73, 'Christopher Nolan'),
	(74, 'Christian Bale'),
	(75, 'Michael Caine'),
	(76, 'Garry Marshall'),
	(77, 'Doug Liman'),
	(78, 'John Stockwell'),
	(79, 'Francis Lawrence'),
	(80, 'Martin Campbell'),
	(81, 'Tim Burton'),
	(82, 'Taylor Hackford'),
	(83, 'Mathieu Kassovitz'),
	(84, 'Florent Emilio Siri'),
	(85, 'Daniel Filho'),
	(86, 'David Zucker'),
	(87, 'Andy Tennant'),
	(88, 'Emile Ardolino'),
	(89, 'Bill Duke'),
	(90, 'Nancy Meyers'),
	(91, 'Claude Zidi'),
	(92, 'Alain Chabat'),
	(93, 'Tim Fywell'),
	(94, 'Mike Mitchell'),
	(95, 'Sam Weisman'),
	(96, 'Dennis Carvalho'),
	(97, 'Pit Weyrich'),
	(99, 'Michael Maschke'),
	(100, 'Liminha'),
	(101, 'Jota Quest'),
	(102, 'Biquini Cavadão'),
	(103, 'Rodrigo Carelli'),
	(104, 'André Horta'),
	(105, 'João Augusto'),
	(106, 'Daniel dos Santos'),
	(108, 'Adam Shankman'),
	(109, 'Ang Lee'),
	(110, 'David Crane'),
	(111, 'Marta Kauffman'),
	(112, 'Neil Burger'),
	(113, 'Jon Turteltaub'),
	(114, 'Joseph Ruben'),
	(115, 'Len Wiseman'),
	(116, 'Judd Apatow'),
	(117, 'Rob O\'Connor'),
	(118, 'Oscar Ridrigues Alves'),
	(119, 'Bill Condon'),
	(120, 'Peter Howitt'),
	(121, 'Tony Scott');
/*!40000 ALTER TABLE `diretores` ENABLE KEYS */;

-- Copiando estrutura para tabela filmes.elenco
CREATE TABLE IF NOT EXISTS `elenco` (
  `cod_filme` int(10) unsigned NOT NULL,
  `cod_ator` int(10) unsigned NOT NULL,
  PRIMARY KEY (`cod_filme`,`cod_ator`),
  KEY `FK_ator` (`cod_ator`),
  KEY `FK_filme` (`cod_filme`),
  CONSTRAINT `FK_elenco_atores` FOREIGN KEY (`cod_ator`) REFERENCES `atores` (`cod_ator`),
  CONSTRAINT `FK_filme` FOREIGN KEY (`cod_filme`) REFERENCES `filmes` (`cod_filme`)
) ENGINE=InnoDB DEFAULT CHARSET=latin1;

-- Copiando dados para a tabela filmes.elenco: ~317 rows (aproximadamente)
/*!40000 ALTER TABLE `elenco` DISABLE KEYS */;
INSERT INTO `elenco` (`cod_filme`, `cod_ator`) VALUES
	(1, 1),
	(1, 2),
	(1, 3),
	(2, 1),
	(2, 2),
	(2, 3),
	(3, 1),
	(3, 2),
	(3, 3),
	(4, 1),
	(4, 2),
	(4, 3),
	(5, 1),
	(5, 2),
	(5, 3),
	(6, 4),
	(6, 5),
	(6, 6),
	(9, 8),
	(9, 9),
	(9, 10),
	(11, 11),
	(11, 12),
	(11, 13),
	(12, 11),
	(12, 12),
	(12, 13),
	(24, 14),
	(24, 15),
	(24, 16),
	(25, 17),
	(25, 18),
	(25, 19),
	(26, 20),
	(26, 21),
	(26, 22),
	(27, 20),
	(27, 21),
	(27, 22),
	(28, 20),
	(28, 21),
	(28, 22),
	(29, 23),
	(29, 24),
	(29, 25),
	(30, 26),
	(30, 27),
	(30, 28),
	(31, 29),
	(31, 30),
	(32, 31),
	(32, 32),
	(35, 34),
	(35, 35),
	(36, 38),
	(36, 39),
	(37, 40),
	(37, 41),
	(38, 43),
	(38, 44),
	(38, 46),
	(39, 43),
	(39, 44),
	(39, 45),
	(40, 43),
	(40, 44),
	(40, 86),
	(41, 47),
	(41, 48),
	(41, 49),
	(42, 47),
	(42, 48),
	(42, 50),
	(43, 21),
	(43, 51),
	(43, 57),
	(44, 21),
	(44, 51),
	(44, 57),
	(45, 21),
	(45, 51),
	(45, 57),
	(46, 24),
	(46, 53),
	(46, 54),
	(47, 24),
	(47, 53),
	(47, 54),
	(48, 55),
	(48, 56),
	(48, 57),
	(49, 55),
	(49, 56),
	(49, 57),
	(50, 55),
	(50, 56),
	(50, 57),
	(51, 58),
	(51, 59),
	(52, 58),
	(52, 59),
	(53, 60),
	(53, 61),
	(53, 62),
	(54, 60),
	(54, 61),
	(54, 62),
	(55, 63),
	(55, 64),
	(56, 63),
	(56, 69),
	(57, 25),
	(57, 70),
	(58, 25),
	(58, 73),
	(59, 25),
	(59, 71),
	(59, 72),
	(60, 25),
	(60, 71),
	(60, 75),
	(61, 47),
	(61, 76),
	(62, 77),
	(62, 78),
	(62, 79),
	(63, 80),
	(63, 81),
	(63, 82),
	(64, 80),
	(64, 81),
	(64, 83),
	(65, 25),
	(65, 84),
	(65, 85),
	(66, 86),
	(66, 87),
	(67, 89),
	(67, 90),
	(67, 93),
	(68, 91),
	(68, 92),
	(68, 94),
	(69, 180),
	(69, 181),
	(70, 97),
	(70, 98),
	(71, 99),
	(71, 100),
	(72, 101),
	(72, 102),
	(73, 111),
	(73, 112),
	(74, 113),
	(74, 114),
	(75, 115),
	(76, 116),
	(76, 117),
	(76, 118),
	(77, 119),
	(77, 120),
	(78, 123),
	(78, 124),
	(79, 123),
	(79, 124),
	(80, 126),
	(80, 127),
	(80, 128),
	(81, 48),
	(81, 69),
	(82, 17),
	(82, 53),
	(82, 130),
	(83, 61),
	(83, 100),
	(84, 50),
	(84, 132),
	(85, 50),
	(85, 132),
	(86, 20),
	(86, 133),
	(86, 134),
	(87, 135),
	(87, 136),
	(87, 137),
	(88, 85),
	(88, 100),
	(88, 138),
	(89, 80),
	(89, 140),
	(89, 141),
	(90, 80),
	(90, 142),
	(90, 143),
	(91, 144),
	(91, 145),
	(92, 43),
	(92, 146),
	(92, 147),
	(93, 149),
	(93, 150),
	(94, 151),
	(94, 152),
	(94, 153),
	(95, 41),
	(95, 154),
	(95, 155),
	(96, 156),
	(96, 157),
	(96, 158),
	(97, 156),
	(97, 157),
	(98, 100),
	(98, 159),
	(98, 160),
	(99, 6),
	(99, 161),
	(99, 162),
	(100, 6),
	(100, 161),
	(100, 163),
	(101, 164),
	(102, 95),
	(103, 60),
	(103, 153),
	(104, 144),
	(104, 167),
	(105, 168),
	(105, 169),
	(105, 170),
	(106, 103),
	(107, 103),
	(108, 103),
	(109, 103),
	(110, 103),
	(111, 105),
	(112, 105),
	(113, 105),
	(114, 171),
	(115, 171),
	(116, 104),
	(117, 172),
	(118, 106),
	(119, 107),
	(120, 107),
	(121, 107),
	(122, 173),
	(122, 174),
	(123, 26),
	(123, 155),
	(124, 175),
	(124, 176),
	(125, 47),
	(125, 48),
	(125, 138),
	(126, 89),
	(126, 91),
	(126, 93),
	(127, 90),
	(127, 92),
	(127, 94),
	(131, 110),
	(132, 172),
	(133, 177),
	(134, 177),
	(135, 177),
	(136, 80),
	(137, 178),
	(137, 179),
	(138, 89),
	(138, 90),
	(138, 91),
	(139, 92),
	(139, 93),
	(139, 134),
	(140, 63),
	(140, 182),
	(140, 183),
	(141, 63),
	(141, 182),
	(141, 183),
	(142, 184),
	(143, 49),
	(143, 185),
	(144, 43),
	(145, 107),
	(146, 186),
	(147, 89),
	(147, 90),
	(147, 92),
	(148, 91),
	(148, 93),
	(148, 94),
	(149, 89),
	(149, 90),
	(149, 92),
	(150, 91),
	(150, 93),
	(150, 94),
	(151, 89),
	(151, 90),
	(151, 92),
	(152, 91),
	(152, 93),
	(152, 94),
	(153, 110),
	(153, 187),
	(154, 188),
	(154, 189),
	(154, 190),
	(155, 103),
	(156, 184),
	(156, 191),
	(157, 80),
	(157, 192),
	(157, 193),
	(157, 194),
	(158, 80),
	(158, 195),
	(158, 196),
	(158, 197),
	(158, 198);
/*!40000 ALTER TABLE `elenco` ENABLE KEYS */;

-- Copiando estrutura para tabela filmes.filmes
CREATE TABLE IF NOT EXISTS `filmes` (
  `cod_filme` int(10) unsigned NOT NULL AUTO_INCREMENT,
  `titulo_original` varchar(100) NOT NULL,
  `titulo` varchar(100) NOT NULL,
  `duracao` smallint(8) DEFAULT NULL,
  `ano_lancamento` varchar(4) NOT NULL,
  `cod_diretor` int(10) unsigned DEFAULT NULL,
  `cod_genero` int(10) unsigned DEFAULT NULL,
  PRIMARY KEY (`cod_filme`),
  KEY `FK_Diretor` (`cod_diretor`),
  KEY `FK_Genero` (`cod_genero`),
  CONSTRAINT `FK_filmes_diretores` FOREIGN KEY (`cod_diretor`) REFERENCES `diretores` (`cod_diretor`) ON DELETE SET NULL ON UPDATE CASCADE,
  CONSTRAINT `FK_filmes_generos` FOREIGN KEY (`cod_genero`) REFERENCES `generos` (`cod_genero`) ON DELETE SET NULL ON UPDATE CASCADE
) ENGINE=InnoDB AUTO_INCREMENT=159 DEFAULT CHARSET=latin1;

-- Copiando dados para a tabela filmes.filmes: ~6 rows (aproximadamente)
/*!40000 ALTER TABLE `filmes` DISABLE KEYS */;
INSERT INTO `filmes` (`cod_filme`, `titulo_original`, `titulo`, `duracao`, `ano_lancamento`, `cod_diretor`, `cod_genero`) VALUES
	(1, 'Harry Potter and The Philosopher\'s Stone', 'Harry Potter e a Pedra Filosofal', 153, '2001', 2, 1),
	(2, 'Harry Potter and The Chamber of Secrets', 'Harry Potter e a Câmara Secreta', 161, '2002', 2, 1),
	(3, 'Harry Potter and The Prisoner of Azkaban', 'Harry Potter e o Prizioneiro de Azkaban', 142, '2004', 3, 1),
	(4, 'Harry Potter and The Goblet of Fire', 'Harry Potter e o Cálice de Fogo', 157, '2005', 4, 2),
	(5, 'Harry Potter na The Order of The Phoenix', 'Harry Potter e a Ordem da Fenix', 138, '2007', 5, 2),
	(6, '102 Dalmatians', '102 Dalmatas', 100, '2000', 6, 1),
	(7, 'Ice Age', 'A Era do Gelo', 81, '2002', 7, 3),
	(8, 'Ice Age 2 - The Meltdown', 'A Era do Gelo 2', 91, '2006', 8, 3),
	(9, 'The Emperor\'s New Groove', 'A Nova Onda do Imperador', 76, '2000', 9, 3),
	(10, 'The Little Mermaid', 'A Pequena Sereia', 83, '1989', 10, 3),
	(11, 'Garfield - The Movie', 'Garfield - O Filme', 80, '2004', 11, 5),
	(12, 'Garfield 2', 'Garfield 2', 85, '2006', 12, 3),
	(13, 'Happy Feet', 'Happy Feet - O Pingüim', 87, '2006', 13, 3),
	(14, 'Madagascar', 'Madagascar', 86, '2005', 15, 3),
	(15, 'The Lion King', 'O Rei Leão', 89, '1994', 16, 3),
	(16, 'The Lion King 3 – Hakuna Matata', 'O Rei Leão 3 - Hakuna Matata', 76, '2004', 17, 3),
	(17, 'The Incredibles', 'Os Incríveis', 115, '2004', 18, 3),
	(18, 'Over The Hedge', 'Os Sem Floresta', 83, '2006', 19, 3),
	(19, 'Ratatouille', 'Ratatouille', 110, '2007', 18, 3),
	(20, 'Finding Nemo', 'Procurando Nemo', 100, '2003', 21, 3),
	(21, 'Shrek', 'Shrek', 93, '2001', 23, 3),
	(22, 'Shrek 2', 'Shrek 2', 92, '2004', 23, 3),
	(23, 'Sherk The Third', 'Shrek Terceiro', 92, '2007', 24, 3),
	(24, 'Paycheck', 'O Pagamento', 119, '2004', 25, 2),
	(25, 'Eight Below', 'Resgate Abaixo de Zero', 125, '2006', 26, 1),
	(26, 'Pirates of the Caribbean: The Curse of the Black Pearl', 'Piratas do Caribe - A Maldição do Pérola Negra', 103, '2003', 13, 1),
	(27, 'Pirates of the Caribbean: Dead Man`s Chest', 'Piratas do Caribe - O Baú da Morte', 150, '2006', 13, 1),
	(28, 'Pirates of the Caribbean: At World\'s End', 'Piratas do Caribe - No Fim do Mundo', 168, '2007', 13, 1),
	(29, 'Cellular', 'Celular: Um Grito de Socorro', 94, '2004', 29, 2),
	(30, 'Click', 'Click', 98, '2006', 30, 5),
	(31, 'White Chicks', 'As Branquelas', 97, '2004', 31, 5),
	(32, 'Legally Blonde', 'Legalmente Loira', 96, '2001', 32, 5),
	(33, 'Hoodwinked', 'Deu a Louca na Chapeuzinho', 80, '2005', 33, 3),
	(34, 'The Wild', 'Selvagem', 94, '2005', 34, 3),
	(35, 'Radio', 'Meu nome é Radio', 109, '2003', 35, 10),
	(36, 'Night at the Museum', 'Noite no Museu', 108, '2005', 36, 5),
	(37, 'Men in Black', 'Homens de Preto', 98, '1997', 37, 1),
	(38, 'Die Hard', 'Duro de Matar', 127, '1999', 38, 2),
	(39, 'Die Hard 2', 'Duro de Matar 2', 120, '1998', 39, 2),
	(40, 'Die Hard With a Vengeance', 'Duro de Matar a Vingança (3)', 131, '1998', 38, 2),
	(41, 'Ocean\'s Eleven', 'Onze Homens e Um Segredo', 117, '2001', 40, 2),
	(42, 'Ocean\'s Twelve', 'Doze Homens e Outro Secredo', 125, '2004', 40, 2),
	(43, 'The Lord of The Rings - The Fellowship of The Rings', 'O Senhor dos Anéis - A Sociedade do Anel', 178, '2001', 42, 11),
	(44, 'The Lord of The Rings - The Two Towers', 'O Senhor dos Anéis - As Duas Torres', 179, '2002', 42, 11),
	(45, 'The Lord of The Rings - The Return of The King', 'O Senhor dos Anéis - O Retorno do Rei', 201, '2003', 42, 11),
	(46, 'Fantastic Four - Extended Version', 'Quarteto Fantástico - Versão Estendida', 126, '2005', 43, 1),
	(47, 'Fantastic Four: Rise of The Silver Furfer', 'Quarteto Fantástico:  E o Surfista Prateado', 92, '2007', 43, 1),
	(48, 'X-Men', 'X-Men o Filme', 104, '2000', 44, 1),
	(49, 'X-Men 2', 'X-Men 2', 134, '2003', 44, 2),
	(50, 'X-Men: The Last Stand', 'X-Men: O Confronto Final', 104, '2006', 46, 2),
	(51, 'Rush Hour', 'Hora do Rush', 97, '1998', 47, 2),
	(52, 'Rush Hour 2', 'Hora do Rush 2', 90, '2001', 47, 2),
	(53, 'The Mummy - Ultimate Edition', 'A Múmia - Edição Definitiva', 125, '1999', 48, 1),
	(54, 'The Mummy Returns', 'O Retorno da Múmia', 129, '2001', 48, 1),
	(55, 'The Rock', 'A Rocha', 136, '1996', 45, 2),
	(56, 'Gone In 60 Seconds', '60 Segundos - Versão do Diretor', 127, '2005', 49, 2),
	(57, 'Crank', 'Adrenalina', 94, '2006', 50, 2),
	(58, 'Chaos', 'Caos', 106, '2006', 52, 12),
	(59, 'The Transporter', 'Carga Explosiva', 92, '2002', 51, 2),
	(60, 'Transporter 2', 'Carga Explosiva 2', 88, '2005', 53, 2),
	(61, 'Peacemaker', 'O Pacificador', 123, '2005', 55, 2),
	(62, 'Casino Royalle', 'Cassino Royale', 144, '2007', 56, 2),
	(63, 'Mission: Impossible', 'Missão: Impossível', 110, '1996', 57, 2),
	(64, 'M:i:III', 'Missão: Impossível 3', 125, '2006', 58, 2),
	(65, 'Italian Job', 'Uma Saída de Mestre', 111, '2003', 59, 2),
	(66, 'National Lampoon\'s', 'Máquina Quase Mortífera', 83, '1993', 60, 5),
	(67, 'Friends', 'O Melhor de Friends 1ª Temporada', 121, '1994', 110, 18),
	(68, 'Friends', 'O Melhor de Friends 2ª Temporada', 142, '1995', 111, 18),
	(69, 'The Illusionist', 'O Ilusionista', 109, '2006', 112, 9),
	(70, 'Wedding Date', 'Muito bem acompanhada', 90, '2005', 63, 5),
	(71, 'The Lake House', 'A Casa do Lago', 98, '2006', 64, 6),
	(72, 'How to Lose a Guy in 10 Days', 'Como Perder um Homem em 10 Dias', 115, '2002', 65, 5),
	(73, 'The Money Pit', 'Um Dia a Casa Cai', 91, '1986', 66, 5),
	(74, 'Music and Lyrics', 'Letra e Música', 103, '2007', 69, 5),
	(75, 'Bean The Ultimate Disaster Movie', 'Mr. Bean: Mais Atrapalhado do Que Nunca', 89, '1997', 67, 5),
	(76, 'Transformers', 'Transformers', 144, '2007', 45, 16),
	(77, 'Titanic', 'Titanic', 194, '1997', 70, 10),
	(78, 'The Panic Room', 'O Código da Vinci', 101, '2002', 72, 9),
	(79, 'The Panic Room', 'O Quarto do Pânico', 101, '2002', 72, 9),
	(80, 'Batman Begins', 'Batman Begins', 134, '2005', 73, 1),
	(81, 'Mr. & Mrs. Smith', 'Sr. &  Sra. Smith', 119, '2005', 77, 2),
	(82, 'Into the Blue', 'Mergulho Radical', 110, '2005', 78, 1),
	(83, 'Constantine', 'Constantine', 121, '2005', 79, 1),
	(84, 'The Mask of Zorro', 'A Máscara do Zorro', 138, '1998', 80, 1),
	(85, 'The Len', 'A Lenda do Zorro', 130, '2005', 69, 1),
	(86, 'Charlie and the Chocolate Factory', 'A Fantástica Fábrica de Chocolate', 106, '2005', 81, 3),
	(87, 'Jurassic Park', 'O Parque dos Dinossáuros', 126, '1993', 40, 4),
	(88, 'The Devil\'s Advocate', 'O Advogado do Diabo', 145, '1997', 82, 9),
	(89, 'War of the Worlds', 'Guerra dos Mundos', 116, '2005', 66, 4),
	(90, 'Minority Report', 'Minority Report: A nova Lei', 146, '2002', 66, 4),
	(91, 'Les Rivières Pourpres', 'Rios Vermelhos', 105, '2000', 83, 9),
	(92, 'Hostage', 'Refém', 102, '2005', 84, 9),
	(93, 'Se Eu fosse Você', 'Se Eu fosse Você', 0, '2006', 85, 15),
	(94, 'Airplane!', 'Apertem os Cintos o Piloto Sumiu', 88, '1980', 86, 5),
	(95, 'Hitch', 'Hitch', 118, '2005', 87, 15),
	(96, 'Siste Act', 'Mudança de Hábitos', 100, '1992', 88, 5),
	(97, 'Sister Act 2: Back in the Habit', 'Mudança de Hábitos 2: Mais loucuras no convento', 107, '1993', 89, 5),
	(98, 'Something gotta give', 'Alguém Tem que Ceder', 133, '2003', 90, 15),
	(99, 'Astérix et Obélix contre César', 'Asterix e Obelix Contra César', 69, '1999', 91, 1),
	(100, 'Astérix & Obélix: Mission Cléopâtre', 'Asxterix e Obelix Missão Cleópatra', 101, '2002', 92, 5),
	(101, 'Ice Princess', 'Sonhos no Gelo', 98, '2005', 93, 5),
	(102, 'Sky High', 'Escola de Super Herói', 119, '2005', 94, 1),
	(103, 'George of The Jungle', 'George o Rei da Floresta', 110, '2005', 95, 1),
	(104, 'The Pink Panther', 'A Pantera Cor de Rosa', 93, '2006', 36, 5),
	(105, 'Jk - Minissérie', 'JK - Minissérie', 5, '2006', 96, 18),
	(106, 'Moment of Glory', 'Moment of Glory', 108, '2000', 11, 14),
	(107, 'Acoustica', 'Acoustica', 157, '2001', NULL, 14),
	(108, 'Scorpions', 'Scorpions', 45, '', NULL, 14),
	(109, 'The CrazyWorld', 'The Crazy World', 77, '1991', NULL, 14),
	(110, 'Unbreakable', 'Unbreakable', 160, '2004', 99, 14),
	(111, 'Mtv Ao Vivo', 'MTV Ao Vivo', 0, '2003', 100, 14),
	(112, 'Edição Limitada', 'Edição Limitada', 105, '2005', 101, 14),
	(113, 'Até Onde Vai', 'Até Onde Vai', 0, '2006', 101, 14),
	(114, 'Roupa Acústico', 'Roupa Acústico', 0, '2004', 103, 14),
	(115, 'Roupa Acústico 2', 'Roupa Acústico 2', 0, '2006', 104, 14),
	(116, 'Biquini Cavadão ao Vivo', 'Biquini Cavadão ao Vivo', 0, '2005', 105, 14),
	(117, 'Nenhum de Nós - A Céu Aberto', 'Nenhum de Nós - A Céu Aberto', 105, '', 106, 14),
	(118, 'Pato Fu - No Museu de Arte da Pampulha', 'Pato Fu - No Museu de Arte da Pampulha', 0, '2002', NULL, 14),
	(119, 'The Corrs - Unplugged', 'The Corrs - Unplugged', 0, '1999', NULL, 14),
	(120, 'The Corrs - Live in London', 'The Corrs - Live in London', 0, '2000', NULL, 14),
	(121, 'The Corrs - Live at Lansdowne Rode', 'The Corrs - Live at Lansdowne Rode', 0, '2000', NULL, 14),
	(122, 'A Walk to Remember', 'Um amor para recordar', 100, '2000', 108, 6),
	(123, 'I Now Pronounce You Chuck and Larry', 'Eu os declaro Marido e Larry!', 110, '2007', NULL, 5),
	(124, 'Brokeback Mountain', 'O Segredo de Brokeback', 134, '2005', 109, 10),
	(125, 'Ocean\'s Thirteen', 'Treze Homens e um Novo Segredo', 122, '2007', 40, 2),
	(126, 'Friends - 1ª Temporada', 'Friends - 1ª Temporada', 584, '1994', 110, 18),
	(127, 'Friends - 2ª Temporada', 'Friends - 2ª Temporada', 568, '1995', 111, 18),
	(128, 'Ana Carolina & Seu Jorge Ao Vivo', 'Ana Carolina & Seu Jorge Ao Vivo', 0, '2007', NULL, 14),
	(129, 'Fabio Jr. Ao Vivo', 'Fabio Jr. Ao Vivo', 0, '', NULL, 14),
	(130, 'Peça de Teatro - Mateus', 'Peça de Teatro - Mateus', 0, '', NULL, 5),
	(131, 'Titãs - MTV Ao Vivo', 'Titãs - MTV Ao Vivo', 0, '', NULL, 14),
	(132, 'Nenhum de Nós - Acústico e Ao Vivo', 'Nenhum de Nós - Acústico e Ao Vivo', 0, '', NULL, 14),
	(133, 'Lost 1ª Temporada', 'Lost 1ª Temporada', 7, '2006', NULL, 18),
	(134, 'Lost 2ª Temporada', 'Lost 2ª Temporada', 7, '2005', NULL, 18),
	(135, 'Lost 3ª Temporada', 'Lost 3ª Temporada', 7, '2007', NULL, 18),
	(136, 'M:I-2', 'Missão Impossível 2', 124, '2001', 25, 2),
	(137, 'Enchanted', 'Encantada', 107, '2008', 6, 3),
	(138, 'Friends - 3ª Temporada', 'Friends - 3ª Temporada', 589, '1996', 111, 18),
	(139, 'Friends - 4ª Temporada', 'Friends - 4ª Temporada', 562, '1997', 110, 18),
	(140, 'National Treasure', 'A Lenda do Tesouro Perdido', 131, '2004', 113, 1),
	(141, 'National Treasure: The Book of Secrets', 'A Lenda do Tesouro Perdido - O Livro dos Segredos', 125, '2008', 113, 1),
	(142, 'The Forgotten', 'Os Esquecidos', 91, '2004', 114, 9),
	(143, 'Pretty Woman', 'Uma Linda Mulher', 119, '1990', 76, 6),
	(144, 'Die Hard 4.0', 'Duro de Matar 4.0', 128, '2007', 100, 2),
	(145, 'All The Way Home - A History of THE CORRS - Plus Live in Geneva', 'All The Way Home - A History of THE CORRS - Plus Live in Geneva', 218, '2005', 117, 14),
	(146, 'The 40 years old virgin', 'O virgem de 40 anos', 132, '2006', 116, 5),
	(147, 'Friends - 5ª Temporada - CD 1 e 2', 'Friends - 5ª Temporada - CD 1 e 2', 305, '1998', 111, 18),
	(148, 'Friends - 5ª Temporada - CD 3 e 4', 'Friends - 5ª Temporada - CD 3 e 4', 257, '1998', 110, 18),
	(149, 'Friends - 6ª Temporada - CD 1 e 2', 'Friends - 6ª Temporada - CD 1 e 2', 276, '1999', 111, 18),
	(150, 'Friends - 6ª Temporada - CD 3 e 4', 'Friends - 6ª Temporada - CD 3 e 4', 298, '1999', 110, 18),
	(151, 'Friends - 7ª Temporada - CD 1 e 2', 'Friends - 7ª Temporada - CD 1 e 2', 263, '2000', 111, 18),
	(152, 'Friends - 7ª Temporada - CD 3 e 4', 'Friends - 7ª Temporada - CD 3 e 4', 265, '2000', 110, 18),
	(153, 'Paralamas e Titãs Juntos e ao Vivo', 'Paralamas e Titãs Juntos e ao Vivo', 110, '2008', 118, 14),
	(154, 'Dream Grils', 'Dream Grils - Em busca de um sonho', 130, '2007', 119, 2),
	(155, 'Scorpions - Live at wacken open air 2006', 'Scorpions - Live at wacken open air 2006', 139, '2006', NULL, 14),
	(156, 'Laws of attraction', 'Leis da Atração', 90, '2003', 120, 5),
	(157, 'Missão: Impossível - Efeito Fallout', ' Mission Impossible - Fallout', 148, '2018', 1, 2),
	(158, 'Top Gun', 'Top Gun - Ases Indomáveis', 109, '1986', 121, 2);
/*!40000 ALTER TABLE `filmes` ENABLE KEYS */;

-- Copiando estrutura para tabela filmes.generos
CREATE TABLE IF NOT EXISTS `generos` (
  `cod_genero` int(10) unsigned NOT NULL AUTO_INCREMENT,
  `nome_genero` varchar(45) NOT NULL,
  PRIMARY KEY (`cod_genero`)
) ENGINE=InnoDB AUTO_INCREMENT=21 DEFAULT CHARSET=latin1;

-- Copiando dados para a tabela filmes.generos: ~17 rows (aproximadamente)
/*!40000 ALTER TABLE `generos` DISABLE KEYS */;
INSERT INTO `generos` (`cod_genero`, `nome_genero`) VALUES
	(1, 'Aventura'),
	(2, 'Ação'),
	(3, 'Infantil'),
	(4, 'Ficção Científica'),
	(5, 'Comédia'),
	(6, 'Romance'),
	(8, 'Animação'),
	(9, 'Suspense'),
	(10, 'Drama'),
	(11, 'Épico'),
	(12, 'Policial'),
	(14, 'Show'),
	(15, 'Comédia Romântica'),
	(16, 'Ação/Ficção'),
	(18, 'Séries'),
	(19, 'Documentários'),
	(20, 'Outros');
/*!40000 ALTER TABLE `generos` ENABLE KEYS */;

/*!40101 SET SQL_MODE=IFNULL(@OLD_SQL_MODE, '') */;
/*!40014 SET FOREIGN_KEY_CHECKS=IF(@OLD_FOREIGN_KEY_CHECKS IS NULL, 1, @OLD_FOREIGN_KEY_CHECKS) */;
/*!40101 SET CHARACTER_SET_CLIENT=@OLD_CHARACTER_SET_CLIENT */;

